{"cameraMode":{"drawMode":0,"name":"Shaded","section":"Shading Mode"},"sceneLighting":true,"audioPlay":false,"sceneViewState":{"showFog":true,"showMaterialUpdate":false,"showSkybox":true,"showFlares":true,"showImageEffects":true,"showParticleSystems":true},"in2DMode":false,"pivot":{"x":-1.107528567314148,"y":-1.7386422157287598,"z":-6.863585948944092},"rotation":{"x":0.01829460635781288,"y":-0.8824137449264526,"z":0.03443155810236931,"w":0.4688558876514435},"size":37.1807746887207,"orthographic":false}